15731026,683,39,2,100062.16,2,1,0,109201.43,0,1,0,1
15792565,745,46,7,0.0,2,1,1,67769.94,1,0,0,1
15710316,454,48,5,144837.79,1,1,1,93151.77,0,0,1,1
15781347,600,41,1,0.0,2,1,1,91193.65,1,0,0,1
15694859,751,28,10,132932.14,2,1,1,46630.47,0,1,0,1
15739194,548,38,0,178056.54,2,1,0,38434.73,0,0,1,0
15723894,625,45,7,137555.44,1,0,0,124607.7,1,0,0,0
15652527,680,44,7,108724.98,1,0,1,72330.46,1,0,0,0
15683483,812,38,3,127117.8,2,1,1,174822.74,0,0,1,0
15605333,529,31,6,0.0,1,1,0,10625.91,0,0,1,0
15733387,707,53,6,109663.47,1,1,1,52110.45,0,0,1,1
15777892,721,37,3,107720.64,1,1,1,158591.12,0,1,0,0
15789863,683,39,4,0.0,2,1,0,171716.81,1,0,0,0
15696373,687,44,9,0.0,2,0,0,103042.2,1,0,0,1
15586264,572,43,2,140431.98,1,1,0,26450.57,1,0,0,0
15775307,490,38,3,97266.1,1,1,1,92797.23,0,0,1,1
15609545,548,29,5,83442.98,1,0,1,177017.39,1,0,0,0
15605447,752,49,2,78653.84,1,1,0,7698.6,1,0,0,0
15770291,844,29,8,0.0,2,0,0,147342.03,1,0,0,1
15642619,603,46,2,0.0,2,1,0,174478.54,0,0,1,0
15736601,716,35,4,144428.87,1,1,0,134132.65,1,0,0,0
15690670,720,33,2,0.0,2,0,1,141031.08,1,0,0,0
15568044,508,31,7,0.0,2,1,1,6123.15,1,0,0,1
15807335,676,64,4,116954.32,1,1,1,91149.48,0,0,1,1
15751788,850,28,9,97408.03,1,1,1,175853.64,0,0,1,0
15696834,530,29,5,0.0,2,0,0,121451.21,1,0,0,1
15613712,634,34,1,0.0,2,1,0,61995.57,0,0,1,0
15740470,725,39,4,160652.45,2,1,0,57643.55,1,0,0,0
15653315,555,35,1,0.0,2,1,0,101667.0,0,0,1,1
15601659,496,59,7,91680.1,2,1,0,163141.18,0,1,0,1
15594786,772,34,7,111565.91,1,1,1,121073.23,0,1,0,0
15612893,558,45,4,0.0,1,1,0,131807.14,0,0,1,0
15675675,850,32,5,106290.64,1,1,0,121982.73,1,0,0,1
15591047,519,47,6,157296.02,2,0,0,147278.43,0,0,1,1
15730540,794,45,8,88656.37,2,1,0,116547.31,0,0,1,0
15737133,706,68,4,114386.85,1,1,1,28601.68,0,0,1,0
15758901,713,47,1,0.0,1,1,0,107825.08,0,0,1,1
15567442,656,75,3,0.0,2,1,1,1276.87,1,0,0,1
15591915,533,39,2,0.0,1,0,1,73669.94,1,0,0,1
15802390,724,34,2,0.0,2,1,1,118863.38,1,0,0,1
15580935,687,33,9,135962.4,2,1,0,121747.96,0,1,0,0
15627995,756,26,5,155143.52,1,0,1,135034.57,0,1,0,1
15744109,850,32,4,0.0,1,1,1,180622.02,1,0,0,0
15595221,850,33,7,134678.13,1,1,0,113177.95,0,1,0,1
15616525,720,31,4,141356.47,1,0,0,137985.69,0,0,1,0
15801466,574,39,2,122524.61,2,1,0,88463.63,1,0,0,1
15670492,737,28,8,0.0,2,1,0,106390.01,1,0,0,0
15586699,825,32,9,0.0,2,0,0,9751.03,1,0,0,0
15579787,686,39,4,0.0,2,1,0,155023.93,1,0,0,0
15698664,567,43,2,115643.58,2,0,0,174606.35,0,0,1,0
15776725,724,54,8,172192.49,1,1,1,136902.01,0,1,0,0
15774727,757,34,1,129398.01,2,0,0,44965.44,0,1,0,1
15755642,667,34,5,0.0,2,1,1,102908.63,1,0,0,0
15745324,599,39,4,0.0,1,1,0,194273.2,0,0,1,1
15654506,514,32,8,0.0,2,1,0,95857.18,1,0,0,0
15781451,504,42,3,134936.97,2,0,0,135178.91,1,0,0,0
15611729,703,39,1,141559.5,1,1,1,31257.1,0,1,0,0
15640852,617,39,5,83348.89,3,1,0,7953.62,0,1,0,1
15701175,493,33,8,90791.69,1,1,1,59659.53,1,0,0,1
15671800,688,20,8,137624.4,2,1,1,197582.79,1,0,0,0
15789498,562,30,3,111099.79,2,0,0,140650.19,1,0,0,0
15587394,462,39,4,140133.08,2,0,0,131304.45,1,0,0,0
15666430,579,38,8,0.0,2,0,0,91763.67,1,0,0,0
15664035,590,38,9,0.0,2,1,1,148750.16,0,0,1,1
15622289,605,36,9,0.0,2,0,1,35521.63,0,0,1,1
15651581,758,68,6,112595.85,1,1,0,35865.44,0,1,0,0
15696900,505,29,3,145541.56,2,1,1,58019.95,0,1,0,0
15683471,691,38,7,0.0,2,0,0,81617.4,1,0,0,0
15692575,760,38,6,162888.73,1,1,0,91098.76,1,0,0,0
15570629,655,72,5,138089.97,2,1,1,99920.41,0,1,0,1
15657747,611,43,9,127216.31,2,0,1,17913.25,0,1,0,1
15780846,787,33,1,126588.81,2,0,1,62163.53,1,0,0,0
15730793,699,54,3,111009.32,1,1,1,155905.79,0,1,0,1
15603082,701,51,9,0.0,2,0,0,61961.57,1,0,0,0
15775235,690,36,6,110480.48,1,0,0,81292.33,1,0,0,1
15688172,677,40,5,0.0,2,1,0,88947.56,0,0,1,0
15669606,690,33,5,0.0,2,1,0,138017.68,1,0,0,0
15768295,778,34,7,109564.1,1,0,1,113046.81,1,0,0,1
15690664,729,37,10,0.0,2,1,0,100862.54,0,0,1,0
15593555,430,38,9,0.0,2,1,1,12050.77,1,0,0,0
15697249,546,25,3,132837.7,1,1,0,131647.31,0,1,0,1
15608381,585,50,2,125845.66,1,1,0,9439.31,0,1,0,0
15596011,529,34,9,0.0,1,1,1,93208.22,0,0,1,0
15588560,569,32,8,145330.43,1,1,1,132038.65,0,1,0,1
15642787,572,37,1,133043.66,1,0,0,111243.09,1,0,0,0
15681705,785,28,8,0.0,2,1,0,77231.27,1,0,0,0
15803078,635,38,1,0.0,2,1,0,90605.05,0,0,1,1
15660602,464,33,8,164284.72,2,1,1,3710.34,0,1,0,0
15614215,717,53,6,0.0,2,0,1,97614.87,1,0,0,0
15665088,531,42,2,0.0,2,0,1,90537.47,1,0,0,1
15641794,698,33,5,135658.73,2,0,1,39755.0,1,0,0,0
15583849,408,40,3,0.0,2,0,0,124874.23,1,0,0,0
15594409,710,45,1,0.0,2,1,1,36154.66,1,0,0,0
15595883,540,39,4,127278.31,1,1,1,16150.34,0,1,0,0
15812262,808,37,2,100431.84,1,1,0,35140.49,0,1,0,1
15684171,660,61,5,155931.11,1,1,1,158338.39,0,0,1,1
15730397,739,40,1,109681.61,1,1,1,193321.3,0,0,1,0
15601383,744,44,5,120654.68,1,1,0,82290.81,0,0,1,0
15644361,702,40,1,103549.24,1,0,0,9712.52,1,0,0,1
15738627,768,25,6,0.0,2,1,1,21215.67,1,0,0,0
15590327,604,42,10,166031.45,1,1,0,98293.14,0,1,0,1
15751185,699,50,0,158633.61,1,1,0,193785.87,0,0,1,1
15574554,537,66,8,103291.25,2,1,1,130664.79,0,1,0,0
15702293,588,35,7,0.0,2,1,1,108739.15,0,0,1,1
15790678,475,32,8,119023.28,1,1,0,100816.29,1,0,0,1
15746802,477,30,6,131286.46,1,1,0,194144.45,1,0,0,1
15593280,614,43,8,140733.74,1,1,1,166588.76,0,1,0,0
15694125,669,57,5,0.0,2,1,1,56875.76,1,0,0,0
15774133,706,35,8,178032.53,1,0,1,42181.68,1,0,0,1
15773487,634,31,8,76798.92,1,0,0,196021.73,0,1,0,1
15780038,756,38,6,119208.85,1,1,0,169763.89,0,0,1,0
15711218,616,39,2,121704.32,2,1,0,55556.3,0,1,0,0
15809057,600,27,6,0.0,2,1,1,172031.22,0,0,1,1
15737605,531,45,1,126495.57,2,1,1,164741.5,0,0,1,1
15572022,605,36,6,0.0,1,0,1,690.84,1,0,0,1
15724684,610,46,5,91897.8,1,1,0,54394.28,0,0,1,0
15769246,813,59,2,135078.41,1,1,0,187636.06,0,1,0,0
15735572,629,59,9,113657.83,1,1,1,116848.79,1,0,0,0
15690021,502,42,0,132002.7,1,0,1,28204.98,0,1,0,1
15764237,663,33,9,0.0,2,0,0,91514.62,0,0,1,0
15747208,608,50,6,0.0,1,1,0,93568.77,1,0,0,0
15707120,850,46,9,117640.39,1,1,0,88920.68,1,0,0,0
15580146,738,31,9,82674.15,1,1,0,41970.72,1,0,0,0
15697441,485,29,7,182123.79,1,1,0,116828.51,1,0,0,0
15696287,682,38,1,116520.28,1,1,1,49833.5,0,1,0,1
15806132,555,55,4,146798.81,1,1,1,74149.77,1,0,0,0
15808971,693,57,9,0.0,2,1,1,135502.77,0,0,1,1
15796957,597,35,9,0.0,3,0,1,73181.39,0,0,1,0
15569571,584,46,6,87361.02,2,1,0,120376.87,0,1,0,1
15790935,535,29,5,0.0,2,0,1,52709.55,1,0,0,1
15632010,647,33,7,121260.19,2,1,0,77216.48,0,0,1,0
15711028,534,52,1,0.0,3,1,1,104035.41,1,0,0,0
15635197,640,26,5,90402.77,1,1,1,3298.65,0,1,0,0
15756920,576,63,9,70655.48,1,0,0,78955.8,1,0,0,0
15570908,687,29,7,93617.07,1,0,1,113050.92,0,0,1,1
15723907,712,49,5,154776.42,2,0,0,196257.68,0,1,0,1
15592412,713,45,4,131038.14,1,1,0,74005.04,0,1,0,0
15786389,635,41,10,0.0,2,1,1,61994.2,0,0,1,1
15567422,630,42,6,0.0,2,1,0,162697.93,1,0,0,0
15759717,763,39,7,0.0,2,1,0,19458.75,0,0,1,1
15570060,586,43,8,132558.26,1,1,0,67046.83,1,0,0,1
15806249,671,31,4,0.0,2,0,1,79270.02,0,0,1,1
15710053,667,44,5,140406.68,2,0,1,57164.19,0,1,0,1
15705994,712,27,10,0.0,1,1,0,94544.88,0,0,1,0
15653784,627,37,2,125190.86,1,0,1,84584.69,1,0,0,0
15587038,654,32,2,0.0,1,1,1,51972.92,0,0,1,1
15648136,658,28,9,152812.58,1,1,0,166682.57,0,1,0,1
15665811,644,33,9,141234.98,1,1,0,95673.05,1,0,0,0
15583067,687,36,4,97157.96,1,0,1,63185.05,1,0,0,1
15709142,608,30,2,91057.37,2,1,0,132973.17,0,1,0,1
15620505,594,24,0,97378.54,1,1,1,71405.17,0,0,1,1
15730394,709,43,8,0.0,2,0,0,168035.62,1,0,0,1
15727198,689,28,2,64808.32,2,0,0,78591.15,0,1,0,1
15728078,609,26,10,126392.18,1,0,1,43651.49,1,0,0,0
15806403,650,37,9,0.0,2,1,0,17974.08,1,0,0,0
15768072,688,33,2,0.0,1,0,0,27557.18,0,0,1,1
15585192,686,39,10,136258.06,1,0,0,89199.51,0,0,1,0
15694821,765,43,4,148962.76,1,0,1,173878.87,0,1,0,0
15795228,756,37,3,132623.6,1,1,1,58974.0,1,0,0,0
15684865,771,66,7,143773.07,1,1,1,130827.88,1,0,0,1
15592846,639,35,10,128173.9,2,1,0,59093.39,0,1,0,0
15641585,850,40,6,97339.99,1,0,1,88815.25,1,0,0,0
15748068,571,31,3,0.0,2,1,1,194667.92,0,0,1,1
15773789,594,38,7,96858.35,1,1,0,77511.45,0,0,1,1
15700752,545,32,6,0.0,2,1,1,52067.37,1,0,0,1
15702442,586,56,9,100781.75,2,1,1,54448.41,0,1,0,1
15672826,666,32,10,112536.57,2,1,1,34350.54,1,0,0,1
15611599,604,71,2,0.0,2,1,1,49506.82,1,0,0,1
15697035,740,31,8,0.0,2,0,0,86657.48,0,0,1,1
15598275,709,32,7,0.0,2,1,1,199418.02,1,0,0,1
15617486,530,52,1,106723.28,1,0,0,109960.4,1,0,0,0
15771383,628,45,6,53667.44,1,1,0,115022.94,0,1,0,1
15616529,613,34,3,0.0,1,1,1,41724.72,0,0,1,0
15590676,735,34,1,141796.43,1,1,0,45858.49,1,0,0,0
15803842,752,45,3,105426.5,2,0,1,89773.45,0,1,0,1
15622993,709,28,8,124695.72,2,1,0,145251.35,0,1,0,0
15694581,807,42,5,0.0,2,1,1,74900.9,0,0,1,0
15738501,601,48,9,163630.76,1,0,1,41816.49,0,1,0,0
15728693,574,43,3,141349.43,1,1,1,100187.43,0,1,0,1
15701962,590,29,2,166930.76,2,1,0,122487.73,0,0,1,1
15603246,498,73,2,170241.7,2,1,1,165407.96,1,0,0,0
15624013,541,39,6,109844.81,1,1,0,25289.23,1,0,0,1
15813451,677,18,8,134796.87,2,1,1,114858.9,0,0,1,0
15673877,490,39,1,0.0,3,1,0,171060.01,1,0,0,0
15656086,542,54,8,105770.14,1,0,1,140929.98,0,0,1,0
15791700,773,47,2,118079.47,4,1,1,143007.49,0,1,0,0
15793311,765,46,8,119492.88,2,0,1,166896.01,0,1,0,1
15628863,601,38,4,60013.81,1,1,1,38020.05,1,0,0,0
15771857,513,39,7,89039.9,2,1,1,146738.83,0,0,1,0
15794278,816,67,6,151858.98,1,1,1,72814.31,0,0,1,0
15665177,613,44,3,0.0,2,0,1,136491.72,1,0,0,0
15640266,621,41,5,104631.67,1,1,1,95551.22,0,0,1,0
15624850,850,30,10,153972.89,2,1,0,62811.03,1,0,0,0
15797736,658,29,4,80262.6,1,1,1,20612.82,1,0,0,0
15804131,850,53,7,65407.16,2,0,0,182633.63,0,0,1,1
15761294,667,56,8,137464.04,1,1,0,130846.79,0,1,0,1
15605020,651,45,2,165901.59,2,1,0,23054.51,1,0,0,0
15671582,660,38,6,109869.32,1,1,1,154641.91,0,0,1,0
15800412,458,35,9,146780.52,2,1,1,3476.38,0,1,0,0
15719348,513,35,8,0.0,1,1,0,76640.29,1,0,0,0
15739476,680,32,5,0.0,1,1,1,150684.23,1,0,0,1
15593601,734,34,6,133598.4,1,1,1,13107.24,1,0,0,0
15652084,515,40,0,109542.29,1,1,1,166370.81,1,0,0,0
15776156,521,27,4,121325.84,1,1,1,164223.7,1,0,0,0
15672082,562,62,3,0.0,2,1,0,105986.01,1,0,0,0
15646310,684,24,8,143582.89,1,1,1,22527.27,0,0,1,0
15728608,688,34,9,91025.58,2,0,1,163783.0,0,1,0,1
15736431,494,27,2,0.0,2,1,0,22404.64,0,0,1,0
15589323,636,24,9,0.0,2,0,1,38830.72,1,0,0,1
15650258,479,35,2,113090.4,1,1,0,195649.79,1,0,0,1
15668009,747,37,1,0.0,2,0,1,180551.76,0,0,1,0
15571958,489,40,3,221532.8,1,1,0,171867.08,0,0,1,0
15685872,727,29,1,146652.01,1,1,1,173486.39,1,0,0,1
15789014,600,26,6,108909.12,1,1,0,82547.01,1,0,0,1
15599956,747,27,10,0.0,2,0,0,13007.89,1,0,0,0
15678129,643,45,9,150840.03,2,1,0,155516.35,0,0,1,1
15593425,662,54,1,187997.15,1,0,0,111442.71,0,0,1,1
15747867,583,24,9,135125.28,1,0,0,89801.9,1,0,0,0
15736371,633,34,3,123034.43,2,1,1,38315.04,1,0,0,1
15639217,806,34,6,0.0,2,0,0,100809.99,1,0,0,0
15783958,539,37,1,130922.81,2,0,0,2186.83,0,0,1,1
15773447,526,30,8,0.0,1,1,0,36251.0,0,0,1,0
15593468,850,33,3,0.0,2,1,1,11159.19,1,0,0,1
15700300,674,44,4,131593.85,1,0,1,171345.02,0,1,0,1
15596624,662,22,9,0.0,2,1,1,44377.65,1,0,0,1
15656417,582,39,1,132077.48,2,1,0,192255.15,1,0,0,1
15772573,735,55,2,103176.62,1,0,1,163516.16,0,0,1,0
15781678,470,31,4,55732.92,2,1,1,103792.53,0,0,1,0
15787602,568,39,5,0.0,2,1,1,129569.92,0,0,1,0
15605791,524,29,9,144287.6,2,1,0,32063.3,0,1,0,0
15672185,590,47,3,0.0,2,1,0,171774.5,1,0,0,0
15619699,558,31,7,0.0,1,1,0,198269.08,1,0,0,0
15581286,734,40,9,176914.8,1,1,1,12799.23,1,0,0,1
15591169,788,49,4,137455.99,1,1,0,184178.29,0,1,0,1
15813192,494,25,6,0.0,2,0,1,109988.09,1,0,0,0
15709941,753,46,8,0.0,3,1,0,90747.94,1,0,0,0
15761348,601,38,0,0.0,2,1,0,165196.65,1,0,0,1
15588235,654,24,8,145081.73,1,1,1,130075.07,1,0,0,1
15722473,713,41,3,0.0,2,1,0,55772.04,1,0,0,0
15605263,552,33,5,140931.57,1,0,1,10921.5,1,0,0,0
15589348,850,37,4,137204.77,1,1,1,28865.59,0,0,1,0
15707479,664,40,7,125608.72,1,1,0,122073.48,1,0,0,0
15689594,731,29,5,179539.2,1,0,0,112010.02,1,0,0,0
15671610,740,36,7,0.0,1,1,1,13177.4,1,0,0,0
15721730,601,44,4,0.0,2,1,0,58561.31,0,0,1,1
15667633,612,38,1,0.0,2,1,1,9209.21,1,0,0,1
15575430,579,33,1,118392.75,1,1,1,157564.75,1,0,0,1
15741092,671,34,10,153360.02,1,1,0,140509.86,0,0,1,0
15602797,645,49,5,110132.55,3,0,1,187689.91,0,0,1,1
15793455,627,55,6,0.0,1,0,0,91943.94,0,0,1,1
15724536,560,28,1,0.0,2,1,1,120880.72,0,0,1,1
15654074,653,38,8,119315.75,1,1,0,150468.35,1,0,0,0
15611371,736,43,4,176134.54,1,1,1,52856.88,1,0,0,0
15792004,731,26,3,0.0,2,1,0,37697.29,0,0,1,1
15777179,687,35,9,0.0,2,0,1,73133.82,1,0,0,0
15669946,663,46,2,141726.88,1,1,1,58257.23,0,1,0,1
15815040,552,42,8,103362.14,1,0,1,186869.58,0,1,0,1
15717231,721,37,4,98459.6,1,0,0,90821.66,0,1,0,0
15641835,683,72,3,140997.26,1,0,1,52876.41,1,0,0,0
15727138,774,46,9,0.0,2,1,1,34774.26,0,0,1,0
15768367,781,27,7,186558.55,1,1,1,175071.29,1,0,0,1
15629010,847,35,5,111743.43,1,1,1,183584.14,0,1,0,1
15746995,724,31,9,138166.3,1,1,0,12920.43,0,1,0,0
15731412,693,37,6,95900.04,1,1,1,38196.24,0,1,0,1
15775192,732,48,4,102962.62,1,1,0,120852.85,0,1,0,1
15723217,616,37,9,0.0,1,1,0,111312.96,1,0,0,0
15694641,621,59,2,0.0,2,1,1,171364.18,0,0,1,1
15573242,691,50,6,136953.47,1,1,1,2704.98,1,0,0,0
15743818,748,58,9,122330.7,2,0,1,124429.19,0,0,1,0
15636589,794,41,7,0.0,2,1,1,74275.08,1,0,0,1
15762332,568,31,1,61592.14,2,1,1,61796.64,0,1,0,1
15789560,668,42,8,187534.79,1,1,1,32900.41,1,0,0,0
15626806,668,32,2,0.0,2,1,1,40652.33,1,0,0,1
15784099,726,38,5,126875.62,1,1,0,128052.29,1,0,0,1
15607827,711,34,4,133467.77,2,1,1,42976.64,0,1,0,0
15715510,768,29,2,95984.69,2,1,1,73686.75,1,0,0,0
15604813,494,40,7,0.0,2,0,1,158071.69,1,0,0,0
15781409,834,28,6,0.0,1,1,0,74287.53,1,0,0,1
15715951,562,42,2,100238.35,1,0,0,86797.41,1,0,0,0
15600832,508,43,9,0.0,1,1,0,103726.71,1,0,0,1
15803378,850,44,8,0.0,2,1,1,183617.32,0,0,1,0
15656148,376,29,4,115046.74,4,1,0,119346.88,0,1,0,1
15575147,699,22,9,99339.0,1,1,0,68297.61,1,0,0,0
15595609,679,52,9,135870.01,2,0,0,54038.62,0,1,0,0
15710687,593,33,0,95927.04,1,1,0,199478.05,1,0,0,1
15647008,624,54,3,116726.22,1,1,0,110498.1,0,1,0,0
15647974,679,44,3,118742.74,2,1,0,1568.91,1,0,0,1
15688251,767,43,1,76408.85,2,1,0,77837.63,1,0,0,0
15697201,640,46,3,0.0,1,1,1,156260.08,0,0,1,1
15724889,665,38,9,0.0,1,0,1,87412.74,0,0,1,0
15802486,488,34,3,0.0,2,1,1,125979.36,1,0,0,0
15717138,850,31,6,82613.56,2,1,0,149170.92,0,0,1,0
15756118,661,20,8,0.0,1,1,0,110252.53,0,0,1,0
15725068,701,21,9,0.0,2,1,1,26327.42,0,0,1,1
15778897,630,28,1,0.0,2,1,1,133267.78,1,0,0,1
15581229,502,32,1,173340.83,1,0,1,122763.95,0,1,0,1
15807989,681,37,8,73179.34,2,1,1,25292.53,0,1,0,0
15697879,701,30,3,156660.72,2,1,0,45742.42,1,0,0,0
15649457,588,41,2,131341.46,2,0,1,7034.94,0,1,0,0
15711571,587,42,5,120233.83,1,1,0,194890.33,0,0,1,0
15641877,681,47,9,97023.21,1,1,1,2168.13,1,0,0,0
15813412,721,55,3,44020.89,1,1,0,65864.4,1,0,0,1
15676521,696,31,8,0.0,2,0,0,191074.11,1,0,0,1
15631739,704,24,10,122109.78,1,1,1,127654.37,0,0,1,0
15759537,717,35,7,58469.37,2,1,1,172459.39,0,1,0,0
15597949,768,47,5,104552.61,1,1,0,48137.08,0,1,0,1
15618446,576,50,8,0.0,2,1,1,57802.62,1,0,0,1
15609319,711,41,3,145754.91,1,1,1,101455.07,1,0,0,1
15646609,748,33,1,142645.43,1,0,0,69132.66,1,0,0,0
15745201,612,43,4,139496.35,2,1,1,77128.23,1,0,0,1
15677939,584,41,3,0.0,2,1,1,160095.48,1,0,0,1
15723320,651,25,2,109175.14,2,1,0,114566.47,0,1,0,1
15715744,605,39,7,0.0,1,0,1,119348.28,1,0,0,0
15766667,717,36,2,102989.83,2,0,1,49185.57,0,0,1,0
15764922,596,20,3,187294.46,1,1,0,103456.47,0,0,1,0
15592583,731,47,1,115414.19,3,0,0,191734.67,1,0,0,1
15815271,755,43,6,165048.5,3,1,0,16929.41,0,1,0,0
15729019,602,34,8,98382.72,1,1,0,39542.0,0,0,1,0
15711977,695,36,4,161533.0,1,1,0,100940.91,1,0,0,0
15759915,814,31,6,87772.52,1,1,0,188516.45,1,0,0,1
15571148,645,21,1,0.0,2,0,0,28726.07,0,0,1,1
15711299,711,52,8,145262.54,1,0,1,131473.31,0,1,0,1
15805260,705,56,2,143249.67,1,1,0,88428.41,0,1,0,1
15679294,589,46,10,107238.85,2,1,0,37024.28,1,0,0,1
15728167,667,44,2,122806.95,1,0,0,15120.86,1,0,0,0
15661290,785,38,9,107199.75,1,0,0,146398.51,0,1,0,1
15693131,581,24,3,95508.2,1,1,1,45755.0,1,0,0,1
15745196,571,35,8,0.0,2,0,0,84569.13,1,0,0,1
15778604,571,47,7,0.0,2,0,0,112366.98,1,0,0,1
15682914,850,34,2,72079.71,1,1,1,115767.93,1,0,0,0
15809462,656,30,3,0.0,2,0,1,17104.0,1,0,0,0
15594408,584,48,2,213146.2,1,1,0,75161.25,0,0,1,1
15672299,510,44,6,0.0,2,1,1,175518.31,1,0,0,0
15768163,655,46,7,137145.12,1,1,0,115146.4,0,1,0,1
15711759,576,29,5,108541.04,1,1,1,126469.09,1,0,0,1
15636423,715,40,7,0.0,1,1,1,141359.11,1,0,0,0
15797190,608,40,7,96202.32,1,0,0,161154.85,0,1,0,1
15698349,686,35,4,0.0,2,1,1,159676.55,0,0,1,1
15765266,615,32,1,0.0,2,0,0,2139.25,1,0,0,0
15624993,753,36,7,128518.98,1,1,1,44567.83,1,0,0,1
15694506,611,31,0,107884.81,2,1,1,183487.98,0,1,0,0
15680727,735,49,5,121973.28,1,1,0,148804.36,1,0,0,0
15741275,623,57,7,71481.79,2,1,1,84421.34,1,0,0,1
15618203,773,51,8,116197.65,2,1,1,86701.4,0,1,0,0
15677550,755,38,1,0.0,2,1,0,20734.81,1,0,0,1
15724764,667,42,10,64404.26,2,0,0,26022.37,0,1,0,1
15769522,734,51,1,118537.47,1,1,1,116912.45,1,0,0,0
15757931,804,24,3,0.0,2,1,0,173195.33,1,0,0,0
15735719,790,40,9,0.0,2,1,1,70607.1,1,0,0,1
15660403,827,35,0,0.0,2,0,1,184514.01,0,0,1,1
15699247,791,44,5,0.0,2,1,1,123977.86,1,0,0,1
15742028,602,35,5,0.0,2,1,0,31050.02,1,0,0,1
15602500,850,38,1,146343.98,1,0,1,103902.11,0,0,1,0
15594685,757,49,2,0.0,2,0,0,164482.92,1,0,0,1
15729377,798,36,1,0.0,2,1,1,159044.1,1,0,0,0
15789955,698,56,1,112414.81,2,0,0,93982.02,0,1,0,0
15584704,519,48,10,71083.98,1,1,0,137959.0,1,0,0,0
15769504,743,34,1,131736.88,1,1,1,108543.21,0,1,0,1
15709199,511,40,1,0.0,1,1,1,184118.73,0,0,1,1
15801152,553,39,1,142876.98,2,1,0,44363.42,0,0,1,1
15662641,850,19,8,0.0,1,1,1,68569.89,1,0,0,0
15610557,695,35,7,79858.13,2,1,1,127977.66,0,0,1,1
15670619,631,33,8,0.0,2,0,0,117374.22,1,0,0,1
15731246,628,40,10,0.0,2,1,0,103832.58,0,0,1,0
15624424,678,49,1,0.0,2,1,1,102472.9,0,0,1,1
15651140,710,32,3,0.0,1,1,0,94790.34,1,0,0,1
15636330,588,48,1,143279.58,2,1,0,31580.8,0,1,0,1
15586243,667,44,8,122277.87,1,1,1,91810.71,1,0,0,0
15748882,714,29,9,0.0,2,1,0,129192.55,0,0,1,0
15627637,709,23,8,73314.04,2,1,0,63446.47,0,1,0,0
15748597,844,56,5,99529.7,1,0,1,157230.06,0,0,1,0
15574071,706,23,2,93301.97,2,0,1,127187.04,0,1,0,0
15699515,643,33,7,98630.31,2,1,1,40250.82,0,1,0,0
15810775,576,52,2,100549.43,2,1,1,16644.16,0,0,1,0
15772601,845,41,2,81733.74,2,0,0,199761.29,0,1,0,1
15700209,486,63,9,97009.15,1,1,1,85101.0,1,0,0,0
15662884,739,58,1,110597.76,1,0,1,160122.66,0,1,0,0
15641474,638,46,9,139859.54,1,1,0,38967.29,1,0,0,0
15799468,591,34,3,96127.27,1,0,0,30972.06,1,0,0,1
15750181,553,41,9,110112.54,2,0,0,81898.81,0,1,0,0
15802758,594,23,4,104753.84,2,1,0,56756.52,0,1,0,1
15692929,791,42,10,113657.41,2,0,1,139946.68,0,1,0,1
15599268,584,32,5,0.0,2,1,0,10956.82,0,0,1,0
15714789,664,24,7,0.0,1,0,1,35611.35,1,0,0,0
15583353,610,45,3,0.0,1,1,0,38276.84,0,0,1,1
15582246,737,45,2,0.0,2,0,1,177695.67,0,0,1,1
15715414,658,38,6,102895.1,1,0,0,155665.76,1,0,0,1
15724453,570,23,2,0.0,1,0,0,198830.98,1,0,0,0
15601263,493,48,7,0.0,2,1,0,48545.1,0,0,1,1
15568162,527,53,8,0.0,1,1,1,51711.57,0,0,1,0
15761886,740,36,4,172381.8,1,1,1,86480.29,1,0,0,0
15777893,777,43,1,0.0,2,1,0,21785.91,1,0,0,0
15682355,772,42,3,75075.31,2,1,0,92888.52,0,1,0,0
15625445,572,36,8,68348.18,2,0,1,50400.32,1,0,0,1
15626684,547,38,5,167539.97,1,0,1,159207.34,1,0,0,1
15724863,420,55,4,91893.32,1,1,0,144870.28,0,0,1,1
15815428,823,34,3,105057.33,1,1,0,9217.92,1,0,0,0
15573318,610,26,8,0.0,2,1,0,166031.08,1,0,0,0
15730339,670,30,3,133446.34,1,0,0,3154.95,0,0,1,0
15770539,792,30,1,127187.86,1,1,1,113553.42,1,0,0,0
15683503,601,43,8,0.0,3,0,1,110916.15,1,0,0,1
15663625,501,37,4,0.0,2,0,0,12470.3,1,0,0,0
15689351,742,41,4,92805.72,1,0,1,73743.95,0,1,0,1
15624677,543,37,3,122304.65,2,0,0,33998.7,0,1,0,1
15724632,537,41,0,0.0,2,0,1,175262.49,1,0,0,1
15782390,621,40,6,0.0,1,1,0,155155.25,1,0,0,1
15622117,625,31,8,0.0,2,1,0,151843.54,0,0,1,1
15713673,494,33,1,137853.0,1,0,1,90273.85,1,0,0,1
15800554,850,81,1,0.0,2,1,1,59568.24,1,0,0,1
15790324,660,20,6,167685.56,1,1,0,57929.9,1,0,0,1
15600724,567,29,5,129750.68,1,1,0,109257.59,0,1,0,0
15601026,572,19,1,138657.08,1,1,1,16161.82,0,1,0,1
15698786,819,39,9,133102.92,1,1,0,27046.46,1,0,0,1
15594915,649,36,8,0.0,2,0,1,109179.89,1,0,0,1
15689328,705,48,9,114169.16,1,0,0,173273.2,0,1,0,0
15811958,850,44,2,112755.34,2,0,0,158171.36,0,1,0,0
15614962,623,50,2,87116.71,1,1,1,104382.11,0,0,1,1
15597239,548,39,7,131468.44,1,1,0,164975.82,0,0,1,0
15603880,519,38,1,114141.64,1,1,1,60988.21,0,1,0,0
15622454,695,28,0,96020.86,1,1,1,57992.49,0,0,1,0
15585595,774,28,1,71264.02,2,0,1,68759.57,1,0,0,1
15758031,760,38,3,91241.85,1,0,1,80682.35,0,0,1,0
15753213,604,34,7,0.0,2,1,0,193021.49,1,0,0,1
15741295,615,49,3,0.0,2,1,1,49872.33,1,0,0,0
15659149,530,39,2,0.0,2,1,0,197923.05,1,0,0,0
15713379,669,26,4,0.0,2,1,1,197594.34,1,0,0,0
15597945,636,32,8,0.0,2,1,0,138555.46,0,0,1,1
15778410,533,52,7,0.0,1,0,1,194113.99,0,0,1,1
15783007,520,45,1,123086.39,1,1,1,41042.4,0,1,0,1
15710295,445,38,6,119413.62,2,1,0,175756.36,0,1,0,1
15653455,648,38,2,0.0,2,0,1,9551.49,1,0,0,1
15581620,597,28,2,0.0,3,1,1,78707.97,1,0,0,0
15706199,636,36,6,96643.32,1,0,0,182059.28,0,1,0,0
15627190,661,51,6,146606.6,1,1,1,68021.9,1,0,0,0
15628600,807,31,1,141069.18,3,1,1,194257.11,0,1,0,1
15722578,685,21,6,97956.5,1,1,1,164966.27,0,1,0,1
15793247,498,34,5,0.0,2,1,1,91711.66,1,0,0,0
15733476,543,30,6,73481.05,1,1,1,176692.65,0,1,0,0
15698442,719,35,3,122964.88,1,1,1,138231.7,0,0,1,0
15650933,490,48,8,155413.06,1,1,0,187921.3,0,0,1,1
15583033,640,20,4,0.0,2,0,1,78310.82,1,0,0,1
15613844,557,28,7,146445.24,2,1,0,184317.74,1,0,0,1
15684211,704,44,9,153656.85,1,1,0,158742.81,0,0,1,1
15641480,571,32,5,131354.25,1,1,0,125256.53,1,0,0,0
15578096,537,26,7,106397.75,1,0,0,103563.23,1,0,0,0
15572626,620,44,8,0.0,2,1,1,15627.51,0,0,1,0
15685500,772,26,7,152400.51,2,1,0,79414.0,0,1,0,0
15735428,673,37,0,0.0,2,0,0,82351.06,0,0,1,1
15724620,538,37,1,134752.08,1,1,0,162511.55,1,0,0,0
15605684,664,31,7,104158.84,1,1,0,134169.85,1,0,0,1
15689598,722,46,6,0.0,1,1,1,93917.68,1,0,0,0
15786199,535,33,2,133040.32,1,1,1,110299.78,1,0,0,0
15657529,714,53,1,99141.86,1,1,1,72496.05,0,1,0,0
15614847,674,45,6,72494.69,1,0,1,140041.78,1,0,0,1
15670859,718,39,7,93148.74,2,1,1,190746.38,0,1,0,1
15582129,517,62,1,43772.66,3,1,0,187756.24,1,0,0,0
15582944,425,39,5,0.0,2,1,0,140941.47,0,0,1,1
15626212,616,29,9,0.0,1,1,1,166984.44,1,0,0,0
15571928,679,43,4,0.0,3,1,0,115136.51,1,0,0,1
15748718,517,28,2,115062.61,1,1,0,179056.23,1,0,0,0
15581370,681,38,2,99811.44,2,1,0,23531.5,0,0,1,0
15675501,616,59,5,153861.1,1,1,1,17699.48,1,0,0,0
15792473,598,50,5,88379.81,3,0,1,64157.24,0,1,0,1
15658211,559,39,2,0.0,2,1,1,121151.1,0,0,1,1
15615457,842,44,2,112652.08,2,1,0,126644.98,0,0,1,1
15646720,628,55,7,0.0,3,1,0,85890.75,0,0,1,1
15782993,624,51,10,123401.43,2,1,1,127825.25,1,0,0,0
15570414,618,41,4,115251.64,1,0,0,136435.75,0,0,1,0
15735799,527,58,3,137318.42,1,1,1,126144.96,0,1,0,0
15620030,744,29,1,0.0,1,0,0,82422.97,1,0,0,0
15584452,667,41,6,0.0,2,0,0,167181.77,1,0,0,0
15733581,831,32,9,80262.66,1,1,0,194867.78,0,1,0,0
15567919,586,37,8,167735.69,2,0,1,104665.79,0,1,0,0
15596939,659,36,4,132578.92,2,1,0,84320.94,0,1,0,0
15644765,689,26,4,120727.97,1,0,1,149073.88,0,1,0,0
15675337,395,34,5,106011.59,1,1,1,17376.57,0,1,0,1
15798470,764,48,1,75990.97,1,1,0,158323.81,0,0,1,1
15775627,509,35,8,0.0,2,0,1,67431.28,1,0,0,0
15625461,613,45,1,187841.99,2,1,1,147224.27,1,0,0,1
15754105,650,37,5,106967.18,1,0,0,24495.03,1,0,0,0
15677921,720,60,9,115920.62,2,0,0,157552.08,0,1,0,0
15810454,709,32,4,147307.91,1,0,1,40861.55,1,0,0,0
15762573,680,34,7,0.0,2,1,0,98949.85,0,0,1,1
15651533,570,50,5,129293.74,1,1,0,177805.44,0,1,0,1
15786680,805,37,5,0.0,2,1,0,21928.81,0,0,1,0
15614834,619,31,3,141751.82,1,0,1,61531.86,0,0,1,1
15623668,653,31,2,154741.45,2,0,0,25183.01,0,1,0,0
15798532,810,32,9,120879.73,2,0,1,78896.59,1,0,0,0
15785611,752,38,3,183102.29,1,1,1,71557.12,0,1,0,0
15791053,709,45,4,122917.71,1,1,1,11.58,0,1,0,0
15656471,773,33,9,0.0,2,1,1,1118.31,1,0,0,0
15751193,621,33,4,0.0,2,1,1,40299.23,0,0,1,0
15677112,519,39,2,112957.26,2,1,0,97593.16,1,0,0,0
15584288,629,33,6,0.0,2,1,1,59129.72,1,0,0,1
15794345,706,38,8,0.0,2,0,1,46635.11,0,0,1,0
15568953,477,27,1,128554.98,1,1,1,133173.19,1,0,0,0
15642394,529,35,5,0.0,2,1,1,187288.5,0,0,1,0
15606267,622,38,4,98640.74,1,1,1,110457.99,1,0,0,1
15566378,515,48,5,129387.94,1,0,1,147955.91,1,0,0,0
15675185,697,48,2,108128.96,2,1,1,103944.37,0,1,0,1
15615330,651,23,10,0.0,2,1,1,170099.23,1,0,0,0
15708534,524,64,5,0.0,1,1,0,136079.64,0,0,1,1
15784890,763,32,8,0.0,2,1,0,16725.53,0,0,1,1
15586757,801,32,4,75170.54,1,1,1,37898.5,1,0,0,1
15711742,708,34,4,0.0,1,1,1,62868.33,1,0,0,1
15815530,612,42,10,75497.51,1,0,0,149682.78,1,0,0,1
15615016,515,33,2,0.0,2,1,1,136028.97,1,0,0,0
15742681,554,26,4,121365.39,1,1,1,8742.36,0,1,0,0
15618401,616,41,10,113220.2,2,1,1,114072.91,0,1,0,0
15813645,491,36,0,53369.13,1,1,1,103934.12,1,0,0,1
15717706,799,32,3,106045.92,2,1,1,17938.0,1,0,0,1
15787204,774,43,1,110646.54,1,0,0,108804.28,0,0,1,1
15686780,645,55,1,133676.65,1,0,1,17095.49,0,0,1,1
15596181,542,38,8,65942.26,1,1,1,68093.23,1,0,0,0
15732199,837,31,9,104678.62,1,0,1,50972.6,0,0,1,0
15584785,660,37,2,97324.91,1,1,0,23291.83,1,0,0,0
15768474,744,34,3,0.0,2,1,0,27244.35,0,0,1,0
15580845,685,57,7,101868.51,1,0,1,113483.96,0,1,0,0
15579583,641,40,4,101090.27,1,1,1,51703.09,0,0,1,1
15628144,635,72,4,74812.84,1,0,1,27448.33,1,0,0,1
15610147,632,60,2,0.0,2,0,1,2085.32,1,0,0,0
15601274,667,40,1,146502.07,1,1,0,19162.89,0,0,1,1
15583480,807,36,4,0.0,2,0,1,147007.33,1,0,0,1
15777759,570,30,2,131406.56,1,1,1,47952.45,1,0,0,0
15804950,514,41,7,0.0,2,1,1,3756.65,1,0,0,1
15681956,684,34,9,0.0,2,1,1,65257.57,1,0,0,0
15806027,556,52,9,0.0,1,1,0,175149.2,1,0,0,1
15650864,507,42,6,0.0,2,1,0,34777.23,1,0,0,0
15712608,787,42,2,74483.97,2,0,1,44273.91,0,1,0,1
15644878,685,43,6,117302.62,1,0,0,68701.73,0,0,1,1
15697597,631,26,1,149144.61,1,0,1,123697.95,1,0,0,0
15768887,597,26,5,0.0,2,0,1,95159.13,0,0,1,0
15577771,453,40,1,111524.49,1,1,1,120373.84,0,1,0,1
15662865,658,36,1,0.0,2,0,1,84927.42,0,0,1,0
15804295,485,41,2,100254.76,2,1,1,12706.67,1,0,0,0
15790093,627,27,2,0.0,2,1,0,125451.01,1,0,0,1
15744770,636,44,2,0.0,2,0,0,86414.41,1,0,0,0
15741633,566,32,10,147511.26,1,1,1,159891.03,0,0,1,0
15598948,523,24,5,172231.93,1,0,1,155144.12,0,0,1,1
15705899,597,35,0,127510.99,1,1,1,155356.34,0,0,1,0
15615207,792,47,0,0.0,1,1,1,5557.88,0,0,1,0
15786539,808,32,1,0.0,2,1,1,46200.71,1,0,0,0
15620735,667,33,4,127076.68,2,1,0,69011.66,0,1,0,1
15670587,558,25,10,111363.1,2,1,0,197264.35,0,1,0,0
15707634,775,32,2,108698.96,2,1,1,161069.73,1,0,0,1
15620341,500,44,9,160838.13,2,1,0,196261.64,0,1,0,0
15679622,602,35,8,0.0,1,1,1,22499.29,1,0,0,0
15577695,678,41,2,148088.11,1,1,0,14083.12,1,0,0,0
15773972,614,50,4,137104.47,1,1,0,127166.49,1,0,0,0
15700046,635,41,4,103544.88,2,1,0,193746.55,1,0,0,0
15575060,797,24,5,0.0,2,1,0,182257.61,1,0,0,0
15721917,559,38,8,95139.41,1,1,1,86575.46,1,0,0,1
15768293,614,51,3,0.0,2,1,1,5552.37,1,0,0,0
15734737,744,56,9,0.0,2,1,1,169498.61,1,0,0,0
15697460,596,34,4,99441.21,2,0,1,4802.27,0,1,0,0
15604119,850,35,7,110349.82,1,0,0,126355.8,0,0,1,0
15698321,648,34,3,95039.73,2,1,1,147055.87,0,1,0,0
15648725,660,41,3,0.0,2,1,1,108665.89,1,0,0,0
15700476,564,41,9,103522.75,2,1,1,34338.21,0,1,0,0
15701946,715,34,4,124314.45,1,0,0,97782.92,1,0,0,0
15614827,503,42,8,104430.08,1,1,1,147557.71,1,0,0,0
15797389,604,23,9,124577.33,1,1,1,7267.25,0,0,1,0
15621834,700,43,0,0.0,2,1,0,59475.35,0,0,1,1
15726058,754,27,7,117578.35,2,0,1,87908.01,0,1,0,0
15730447,629,49,4,0.0,2,1,1,196335.48,1,0,0,1
15815316,644,50,9,76817.0,4,1,0,196371.13,1,0,0,0
15720910,560,66,9,0.0,1,1,1,15928.49,1,0,0,1
15749123,743,45,7,157332.26,1,1,0,125424.42,0,0,1,0
15592230,620,41,3,0.0,2,1,1,137309.06,1,0,0,0
15622171,642,30,8,80964.57,2,1,0,174738.2,1,0,0,0
15737814,622,41,2,127087.06,1,1,0,102402.91,1,0,0,0
15576352,586,57,3,0.0,2,0,1,6057.81,0,0,1,1
15629078,850,45,5,127258.79,1,1,1,192744.23,0,1,0,1
15685357,750,36,8,112940.07,1,0,1,9855.81,0,0,1,1
15682540,602,33,8,0.0,2,1,1,112928.74,1,0,0,1
15697702,730,29,2,0.0,2,1,0,14174.09,0,0,1,0
15807768,702,28,1,103033.83,1,1,1,40321.87,0,1,0,0
15569654,850,31,3,51293.47,1,0,0,35534.68,0,1,0,1
15789714,691,21,3,103000.94,1,1,1,104648.58,0,0,1,0
15628034,629,37,6,129101.3,1,1,1,23971.33,1,0,0,1
15721779,826,41,5,146466.46,2,0,0,180934.67,0,0,1,0
15746662,568,27,1,116320.68,1,0,1,45563.94,0,0,1,1
15676519,615,61,9,0.0,2,1,0,150227.85,0,0,1,0
15780144,512,32,2,123403.85,2,1,0,80120.19,0,1,0,1
15674765,553,44,4,0.0,1,1,0,10789.3,0,0,1,0
15749528,652,58,6,0.0,2,0,1,170025.43,0,0,1,0
15715707,657,32,3,118829.03,2,1,1,73127.61,1,0,0,0
15655859,848,35,5,120046.74,2,1,0,84710.65,0,0,1,0
15686219,611,38,4,71018.6,2,1,0,2444.29,1,0,0,0
15630580,751,34,9,108513.25,2,1,1,27097.82,0,1,0,0
15578799,625,58,10,53772.73,1,1,1,192072.1,1,0,0,1
15756804,636,48,1,170833.46,1,1,0,110510.28,1,0,0,1
15769402,667,27,7,156811.74,1,1,1,149402.59,1,0,0,0
15605134,617,34,0,131244.65,2,1,0,183229.02,1,0,0,1
15687130,686,43,0,0.0,1,1,1,170072.9,1,0,0,1
15665834,696,28,8,0.0,1,0,0,176713.47,0,0,1,0
15805690,694,35,7,0.0,1,1,0,133570.43,0,0,1,1
15766906,742,25,4,132116.13,2,1,0,129933.5,1,0,0,1
15681758,525,25,10,0.0,2,1,0,69361.95,0,0,1,1
15662403,622,32,6,169089.38,2,1,0,101057.95,1,0,0,1
15699598,723,20,4,0.0,2,1,1,140385.33,1,0,0,1
15782144,522,34,3,0.0,2,1,1,3894.34,1,0,0,1
15679983,565,34,7,0.0,1,0,0,74593.84,1,0,0,0
15724834,498,30,1,0.0,2,0,0,135795.53,1,0,0,1
15745080,634,26,8,0.0,1,1,0,21760.96,1,0,0,0
15570855,670,38,7,0.0,2,1,1,77864.41,1,0,0,0
15672930,722,37,9,0.0,2,1,0,31921.95,0,0,1,0
15734085,465,24,5,117154.9,1,1,1,127744.02,0,1,0,0
15573319,493,35,8,178317.6,1,0,0,197428.64,0,1,0,1
15796764,684,56,3,127585.98,3,1,1,80593.49,0,1,0,1
15624471,850,37,6,0.0,2,1,0,109291.22,1,0,0,0
15727251,642,30,8,117494.27,1,0,0,61977.82,1,0,0,0
15750808,790,46,2,131365.37,2,1,1,180290.68,0,0,1,0
15795586,478,35,1,92474.05,1,1,0,178626.07,1,0,0,0
15731989,666,36,4,120165.4,2,1,0,33701.5,1,0,0,0
15667462,707,43,10,0.0,2,1,0,118368.2,0,0,1,0
15748625,664,57,6,0.0,2,1,1,15304.08,1,0,0,0
15662397,640,42,5,176099.13,1,1,1,8404.73,1,0,0,1
15801904,677,28,0,143988.0,2,1,0,8755.69,0,1,0,0
15611756,537,47,4,124192.28,2,1,1,50881.51,0,1,0,1
15635942,576,40,9,0.0,2,1,0,112465.19,1,0,0,0
15621611,742,55,5,155196.17,1,0,1,121207.66,0,1,0,0
15677324,683,73,9,124730.26,1,1,1,51999.5,0,1,0,0
15605286,565,55,4,118803.35,2,1,1,128124.7,1,0,0,0
15700549,721,54,5,0.0,2,1,1,4493.12,1,0,0,0
15667215,678,31,2,0.0,2,1,1,58803.28,1,0,0,0
15739850,645,45,6,155417.61,1,0,1,3449.22,1,0,0,0
15567993,828,28,8,134766.85,1,1,0,79355.87,0,0,1,0
15769412,684,39,4,207034.96,2,0,0,157694.76,0,0,1,0
15814004,589,29,2,0.0,2,0,1,98320.27,1,0,0,0
15662245,588,32,1,0.0,2,1,1,8763.87,1,0,0,0
15726167,655,37,4,0.0,2,1,1,142415.97,1,0,0,0
15811613,588,27,8,0.0,1,1,0,20066.38,1,0,0,1
15622470,772,41,10,96032.22,1,1,1,75825.57,0,0,1,0
15669957,655,52,9,144696.75,1,1,1,49025.79,0,1,0,0
15686812,692,44,8,0.0,1,0,1,159069.37,0,0,1,1
15616454,476,34,8,111905.43,1,0,1,197221.81,0,1,0,1
15811389,724,35,0,171982.95,2,0,1,167313.07,0,1,0,1
15706116,659,30,8,154159.51,1,1,0,40441.1,0,1,0,1
15730738,786,31,9,0.0,2,1,1,18210.36,0,0,1,0
15574372,738,35,5,161274.05,2,1,0,181429.87,1,0,0,0
15609987,755,42,2,119919.12,1,1,0,156868.21,1,0,0,0
15804211,719,36,3,155423.17,1,1,1,199841.32,1,0,0,0
15761047,724,31,2,160997.54,2,0,1,64831.36,0,1,0,0
15719426,529,67,8,103101.56,2,1,1,154002.02,1,0,0,0
15602312,605,33,5,150092.8,1,0,0,71862.79,0,0,1,0
15662578,679,35,1,110245.13,1,1,1,178291.09,0,1,0,0
15749905,698,47,6,0.0,1,1,0,50213.81,0,0,1,1
15585282,755,62,1,127706.33,2,0,1,142377.69,1,0,0,0
15706764,560,35,1,0.0,2,1,0,3701.63,1,0,0,1
15614230,426,34,3,0.0,2,1,1,61230.83,1,0,0,1
15607230,588,33,9,150186.22,2,1,1,65611.01,0,1,0,0
15725141,716,44,3,109528.28,1,1,0,27341.63,1,0,0,1
15684319,780,37,10,95196.26,1,1,0,126310.39,0,1,0,1
15575399,480,42,1,152160.21,2,1,0,101778.9,1,0,0,1
15722090,615,51,6,81818.49,1,1,1,169149.38,0,0,1,0
15776211,678,34,6,0.0,2,1,1,124592.84,1,0,0,1
15652658,721,36,1,155176.83,2,1,1,49653.37,1,0,0,0
15654562,850,45,5,174088.3,4,1,0,5669.31,0,0,1,1
15681697,508,31,8,72541.48,1,1,0,129803.08,1,0,0,0
15599195,582,32,1,88938.62,1,1,1,10054.53,0,1,0,0
15604348,710,22,8,0.0,2,0,0,99645.04,0,0,1,0
15568449,661,38,7,143006.7,1,1,1,15650.89,0,0,1,0
15676869,657,36,8,0.0,2,0,1,123866.43,0,0,1,0
15773273,730,38,5,118866.36,1,1,1,163317.5,0,0,1,0
15667871,572,35,4,152390.26,1,1,0,128123.66,0,0,1,0
15634375,710,36,8,0.0,2,0,0,83206.19,0,0,1,1
15684484,543,22,8,0.0,2,0,0,127587.22,1,0,0,0
15792525,628,61,1,97361.66,1,1,1,149922.38,0,1,0,1
15649211,708,40,8,83015.71,1,1,0,101089.76,0,0,1,0
15601688,546,28,8,0.0,1,1,0,159254.29,1,0,0,0
15569209,464,34,5,76001.57,1,1,1,158668.87,0,0,1,1
15690743,536,61,8,65190.29,1,1,1,64308.49,1,0,0,1
15641604,850,55,10,98488.08,1,1,0,155879.57,1,0,0,1
15757646,584,35,9,0.0,2,1,0,192381.21,1,0,0,0
15658813,645,55,7,0.0,2,1,1,18369.33,1,0,0,1
15662063,746,36,7,142400.77,1,1,1,193438.69,1,0,0,0
15704987,649,52,8,49113.75,1,1,0,41858.43,1,0,0,1
15600626,710,30,6,0.0,2,1,1,8991.17,1,0,0,0
15691119,721,68,4,136525.99,1,0,0,175399.14,0,1,0,0
15566295,761,33,6,138053.79,2,1,0,148779.41,1,0,0,1
15750778,653,60,2,120731.39,4,1,1,138160.11,1,0,0,1
15779423,716,39,1,70657.61,2,1,1,76476.05,1,0,0,0
15682435,600,35,4,143744.77,2,1,0,104076.51,1,0,0,0
15685706,731,40,7,118991.79,1,1,1,156048.64,1,0,0,1
15783338,449,32,0,155619.36,1,1,1,166692.03,0,0,1,0
15756148,765,45,2,91549.78,1,1,1,47139.44,0,0,1,0
15784124,645,41,2,93925.3,1,1,0,123982.14,0,1,0,0
15688691,665,51,9,110610.41,2,0,1,1112.76,0,1,0,1
15714920,585,44,7,163867.86,1,1,1,112333.22,0,1,0,0
15799031,523,39,3,0.0,2,1,0,6726.53,1,0,0,0
15793825,536,39,4,0.0,2,1,0,27150.35,1,0,0,0
15647807,642,40,8,109219.83,1,1,0,52827.51,1,0,0,0
15801934,678,66,8,0.0,2,1,1,47117.03,1,0,0,0
15677395,633,39,9,129189.15,2,0,0,170998.83,1,0,0,1
15796343,707,31,2,82787.93,2,0,0,91423.69,1,0,0,1
15643826,503,32,4,0.0,2,1,1,153036.97,1,0,0,0
15723299,774,53,4,113709.28,1,1,1,153887.93,1,0,0,0
15647333,621,27,4,137003.68,1,1,0,21254.06,1,0,0,0
15784301,850,42,0,0.0,2,1,0,44165.84,1,0,0,0
15693264,583,29,10,0.0,2,1,1,111285.85,1,0,0,1
15632816,521,49,2,127948.57,1,1,1,182765.14,0,1,0,1
15668575,626,26,8,148610.41,3,0,1,104502.02,0,0,1,1
15598157,728,34,4,106328.08,1,1,0,88680.65,1,0,0,0
15572356,689,73,1,108555.07,1,0,1,167969.15,0,0,1,0
15701376,668,37,10,152958.29,2,1,1,159585.61,0,1,0,0
15762993,796,32,5,102773.15,2,0,1,117832.88,0,0,1,0
15592386,520,58,3,0.0,2,0,1,32790.02,1,0,0,0
15736254,654,29,2,91955.61,1,1,0,37065.66,1,0,0,0
15598586,680,31,10,113292.17,1,1,1,122639.73,1,0,0,0
15650018,681,43,8,154100.3,1,0,0,114659.81,1,0,0,1
15731890,601,41,1,123971.16,1,0,1,172814.99,1,0,0,0
15714397,621,30,2,101014.08,2,1,1,165257.31,0,1,0,1
15768359,534,36,4,120037.96,1,1,0,36275.94,1,0,0,0
15607263,788,55,3,0.0,1,0,1,13288.46,1,0,0,0
15717225,544,21,10,161525.96,2,1,0,9262.77,1,0,0,1
15701166,660,40,5,131754.11,2,1,1,38761.61,1,0,0,0
15622750,742,21,1,114292.48,1,1,0,31520.4,0,1,0,1
15614034,607,61,2,164523.5,2,1,1,35786.76,0,1,0,0
15648898,560,27,7,124995.98,1,1,1,114669.79,0,0,1,1
15712536,625,36,3,0.0,2,1,0,41295.1,1,0,0,1
15635388,640,47,6,89047.14,1,1,0,116286.25,0,0,1,0
15796721,778,38,3,145018.49,2,1,1,126702.41,1,0,0,0
15716134,617,40,5,190008.32,2,1,1,107047.92,1,0,0,0
15689751,666,31,2,79589.43,1,0,0,4050.57,1,0,0,1
15796813,493,54,3,167831.88,2,1,0,150159.95,1,0,0,0
15699550,695,34,9,0.0,2,1,1,67502.12,0,0,1,1
15632272,792,42,2,0.0,2,1,0,92664.09,1,0,0,1
15628308,850,24,6,0.0,2,1,1,13159.9,1,0,0,1
15797276,662,41,4,90350.77,1,1,0,75884.65,0,0,1,1
15600708,640,34,3,77826.8,1,1,1,168544.85,0,0,1,1
15798398,785,36,4,135438.4,1,0,0,190627.01,1,0,0,1
15631305,599,28,4,126833.79,2,1,0,60843.09,0,0,1,1
15736399,606,42,10,0.0,2,1,0,177938.52,0,0,1,0
15756321,612,52,5,144772.69,1,0,0,98302.57,0,0,1,1
15765297,766,41,0,0.0,2,0,1,34283.23,0,0,1,0
15646161,673,37,8,0.0,2,1,1,183318.79,0,0,1,1
15587443,728,69,1,0.0,2,1,1,131804.86,1,0,0,1
15735358,682,46,4,0.0,1,1,1,4654.28,0,0,1,0
15812594,791,34,7,0.0,2,1,0,96734.46,1,0,0,0
15724663,654,36,5,0.0,2,0,0,157238.05,0,0,1,1
15750837,579,41,0,141749.68,1,0,1,9201.53,0,1,0,0
15661473,780,51,4,126725.25,1,1,0,195259.31,0,1,0,0
15576745,769,48,2,96542.16,2,0,1,197885.72,1,0,0,0
15609356,697,25,1,0.0,2,0,0,87803.32,1,0,0,1
15604355,519,39,1,97700.02,1,1,1,30709.03,1,0,0,0
15732202,615,34,1,83503.11,2,1,1,73124.53,1,0,0,0
15775663,712,53,6,134729.99,2,1,1,132702.64,0,1,0,0
15600174,525,35,7,165358.77,1,0,1,94738.54,1,0,0,0
15668893,782,39,8,0.0,2,1,1,33949.67,1,0,0,0
15793890,728,59,4,0.0,1,1,1,163365.85,1,0,0,1
15656717,687,30,6,0.0,2,0,0,179206.92,1,0,0,1
15685300,603,35,6,128993.76,2,1,0,130483.56,1,0,0,0
15598940,681,38,6,181804.34,2,1,1,57517.71,0,1,0,0
15739972,650,45,9,152367.21,3,1,0,150835.21,0,1,0,1
15762543,711,32,1,0.0,2,1,0,126188.42,1,0,0,1
15813067,432,45,3,110219.14,1,1,0,43046.7,0,1,0,1
15682467,725,36,1,118851.05,1,1,1,102747.02,1,0,0,1
15659931,637,55,1,123378.2,1,1,0,81431.99,0,1,0,1
15630920,724,34,2,154485.74,2,0,0,78560.64,1,0,0,0
15592570,773,23,8,0.0,2,1,0,56759.79,0,0,1,1
15672144,667,38,6,144432.04,1,1,1,73963.17,1,0,0,1
15778752,708,32,10,86614.06,2,1,1,172129.26,1,0,0,0
15697028,590,34,0,65812.35,2,0,1,160346.3,0,0,1,0
15650351,653,38,8,102133.38,1,1,1,166520.96,1,0,0,1
15636454,691,60,6,101070.69,1,1,0,177355.8,1,0,0,1
15779390,850,31,4,91292.7,1,1,1,162149.07,0,0,1,1
15625761,632,41,8,127205.32,4,1,0,93874.87,0,1,0,0
15754820,637,35,8,147127.81,2,1,1,84760.7,0,1,0,0
15689492,850,41,1,176958.46,2,0,1,125806.3,0,1,0,0
15684316,532,43,9,0.0,2,0,0,190573.91,1,0,0,0
15590094,613,38,9,126265.88,2,0,0,15859.95,0,1,0,0
15755196,834,49,2,131394.56,1,0,0,194365.76,1,0,0,1
15587311,582,33,6,0.0,2,0,1,72970.93,0,0,1,0
15753174,571,37,9,139592.98,3,1,0,104152.65,0,1,0,0
15682541,616,36,6,132311.71,1,0,0,15462.84,0,0,1,1
15807909,744,47,9,0.0,2,1,0,113163.17,1,0,0,0
15727311,539,22,0,100885.93,2,1,1,38772.65,1,0,0,1
15702149,767,33,1,144753.21,1,1,1,132480.75,0,1,0,1
15790497,503,37,6,0.0,2,0,0,136506.86,0,0,1,0
15804864,670,27,5,79336.61,1,1,1,26170.08,1,0,0,1
15762045,474,37,5,142688.57,2,1,1,110953.33,0,1,0,1
15669290,603,38,8,59360.77,1,1,1,191457.06,1,0,0,0
15672970,714,20,3,0.0,2,0,1,150465.93,0,0,1,0
15684921,792,25,8,142862.21,1,1,1,130639.01,0,0,1,0
15723872,589,46,10,0.0,2,0,1,168369.37,0,0,1,1
15725039,702,32,8,71667.74,1,1,1,126082.18,0,0,1,0
15568006,634,45,2,0.0,4,1,0,101039.53,1,0,0,1
15806256,540,48,2,109349.29,1,1,0,88703.04,1,0,0,0
15754113,588,35,0,0.0,2,1,1,155485.24,1,0,0,1
15789753,480,40,6,148790.61,1,0,1,79329.7,1,0,0,0
15579777,850,41,3,0.0,2,1,0,128892.36,1,0,0,0
15601410,744,46,1,0.0,3,1,1,177431.59,0,0,1,1
15603741,719,40,4,128389.12,1,1,1,176091.31,0,0,1,0
15658614,565,38,7,145400.69,2,1,1,83844.79,0,1,0,1
15791172,672,21,1,35741.69,1,1,0,28789.94,0,1,0,1
15731760,681,25,5,0.0,1,0,1,90860.97,1,0,0,0
15785024,629,40,9,137409.19,1,1,0,175877.7,1,0,0,1
15791006,760,34,6,58003.41,1,1,0,90346.1,0,1,0,1
15717937,554,43,5,99906.89,1,0,0,24983.39,0,1,0,0
15722532,690,36,10,91760.11,1,1,1,135784.94,0,0,1,1
15776558,673,31,1,108345.22,1,0,1,38802.03,1,0,0,0
15646615,576,28,1,119336.29,2,0,1,58976.85,0,1,0,0
15574237,588,21,8,0.0,2,1,1,110114.19,1,0,0,1
15750602,662,29,5,147092.65,1,1,0,10928.3,1,0,0,0
15598088,559,25,5,0.0,2,1,1,163221.22,0,0,1,0
15783225,737,54,9,0.0,1,1,0,83470.4,1,0,0,0
15671097,428,31,2,0.0,2,1,0,54487.43,1,0,0,1
15766887,538,39,2,122773.5,2,1,1,58467.08,0,0,1,0
15791925,751,29,10,147737.63,1,0,1,94951.27,1,0,0,0
15641582,735,43,10,123180.01,2,1,1,196673.28,0,1,0,0
15686137,456,32,9,147506.25,1,1,1,135399.21,0,0,1,0
15783875,500,34,4,0.0,2,1,0,12833.96,1,0,0,1
15768777,507,34,4,0.0,2,1,1,60688.38,0,0,1,1
15788634,750,37,2,113817.06,1,0,0,88333.74,0,0,1,1
15589437,466,26,3,156815.71,1,1,1,137476.09,1,0,0,0
15769980,705,40,3,92889.91,1,1,1,109496.69,0,1,0,1
15766458,498,33,1,198113.86,1,1,0,69664.35,1,0,0,0
15677310,761,62,5,98854.34,1,0,0,86920.97,0,1,0,0
15726046,712,27,2,133009.51,1,1,0,126809.15,1,0,0,1
15685947,556,42,0,115915.53,2,0,1,125435.47,0,1,0,0
15629448,632,38,1,120599.21,1,1,0,92816.86,0,0,1,0
15596013,694,58,1,143212.22,1,0,0,102628.56,0,1,0,1
15567834,719,49,5,105918.1,1,1,1,16246.59,1,0,0,0
15628420,660,33,2,80462.24,1,0,0,150422.35,0,0,1,0
15582892,601,46,2,99786.07,1,1,1,32683.88,1,0,0,0
15629094,528,36,1,156948.41,1,1,1,149912.28,1,0,0,1
15719991,727,52,1,154733.97,1,1,0,80259.67,0,0,1,1
15687959,573,44,4,0.0,1,1,1,94862.93,0,0,1,1
15715907,699,64,9,113109.52,1,1,0,27980.8,1,0,0,0
15803352,613,33,3,155736.42,2,1,1,57751.21,0,1,0,0
15571144,655,28,10,0.0,2,0,1,126565.21,1,0,0,0
15775741,608,28,9,0.0,2,1,1,125062.02,1,0,0,1
15794414,507,46,6,92783.68,1,1,1,51424.29,0,0,1,0
15762123,717,34,1,0.0,2,1,0,119313.74,0,0,1,1
15642725,797,32,10,114084.6,1,0,1,125782.29,1,0,0,0
15625035,703,50,8,160139.59,2,1,1,79314.1,1,0,0,0
15622833,835,29,10,130420.2,2,0,0,106276.55,0,1,0,1
15721251,554,41,4,112152.89,1,0,1,36242.19,0,0,1,1
15593014,525,33,1,112833.35,1,0,1,175178.56,1,0,0,0
15813303,513,88,10,0.0,2,1,1,52952.24,0,0,1,0
15770554,769,31,4,61297.05,2,1,1,7118.02,1,0,0,0
15748856,664,32,10,107209.73,1,1,1,112340.2,1,0,0,0
15689176,663,46,3,0.0,2,0,1,176276.1,1,0,0,0
15710375,641,41,6,0.0,2,1,0,65396.79,1,0,0,0
15641285,621,50,3,163085.79,1,0,1,131048.36,0,0,1,0
15723488,668,47,7,106854.21,1,0,1,157959.02,0,1,0,0
15719352,754,39,6,170184.99,2,1,0,89593.26,0,0,1,0
15754599,765,42,4,123311.39,2,1,1,82868.34,1,0,0,0
15772421,645,31,1,128927.93,1,1,1,2850.01,0,1,0,1
15576124,582,41,1,40488.76,1,1,0,128528.83,1,0,0,0
15598840,680,33,1,123082.08,1,1,0,134960.98,1,0,0,0
15796969,731,33,4,0.0,2,1,1,74945.11,1,0,0,0
15806511,445,45,10,0.0,2,0,1,90977.48,0,0,1,0
15573854,727,62,5,0.0,2,0,1,38652.96,1,0,0,0
15671789,616,31,3,94263.91,2,1,0,168895.06,1,0,0,0
15592025,651,53,7,0.0,2,1,1,130132.41,1,0,0,0
15704586,758,42,7,0.0,2,0,1,76209.56,1,0,0,1
15647800,850,34,6,101266.51,1,1,0,33501.98,1,0,0,1
15600399,598,60,4,0.0,1,1,0,197727.14,1,0,0,0
15812422,637,41,2,0.0,2,0,1,102515.42,1,0,0,0
15792029,620,32,6,0.0,2,1,0,56139.09,1,0,0,0
15756299,741,64,2,69311.16,1,1,1,59237.72,1,0,0,1
15656484,682,40,4,0.0,2,1,1,140745.91,1,0,0,0
15763415,567,41,0,134378.89,1,1,1,105746.94,0,1,0,0
15593345,502,33,6,125241.17,2,1,1,158736.07,0,1,0,1
15598695,834,68,9,130169.27,2,0,1,93112.2,0,1,0,1
15698246,658,24,2,0.0,2,1,1,84694.49,1,0,0,1
15737408,703,41,6,109941.51,1,1,0,116267.28,1,0,0,1
15747927,758,26,4,155739.76,1,1,0,171552.02,1,0,0,0
15578722,689,39,4,0.0,2,1,0,196112.45,1,0,0,0
15618437,567,34,10,0.0,2,0,1,161571.79,0,0,1,0
15747772,706,36,9,58571.18,2,1,0,40774.01,0,1,0,0
15764726,563,22,3,137583.04,1,0,1,5791.85,1,0,0,0
15600991,694,31,6,109052.59,2,1,1,19448.93,0,1,0,0
15683118,590,32,9,0.0,2,1,0,138889.15,1,0,0,0
15677387,749,33,10,76692.22,1,0,1,30396.43,0,1,0,1
15765812,587,48,1,0.0,2,1,1,8908.0,0,0,1,0
15767598,540,28,8,0.0,2,0,0,197588.32,0,0,1,0
15600813,717,50,9,90305.76,1,1,1,124626.57,1,0,0,0
15724334,529,22,5,0.0,1,1,0,151169.83,1,0,0,0
15577514,698,36,7,121263.62,1,1,1,13387.88,0,1,0,1
15691808,656,43,7,134919.85,1,1,0,194691.95,1,0,0,0
15640133,661,34,0,0.0,2,1,0,185555.63,1,0,0,1
15662238,822,37,3,105563.0,1,1,0,182624.93,1,0,0,0
15796617,720,29,2,0.0,2,1,0,39925.52,1,0,0,0
15619529,531,27,8,132576.25,1,0,0,7222.92,0,0,1,0
15660980,597,38,6,115702.67,2,1,1,25059.05,0,0,1,0
15572461,663,29,4,102714.65,2,0,0,21170.81,0,1,0,1
15721181,611,46,6,0.0,2,1,0,45886.33,0,0,1,0
15763063,685,25,10,128509.63,1,1,0,121562.33,0,0,1,1
15633640,799,52,4,161209.66,1,1,1,89081.41,1,0,0,1
15683562,646,35,6,84026.86,1,0,1,164255.69,1,0,0,0
15793343,549,29,8,0.0,2,1,1,189558.44,1,0,0,1
15806486,705,48,0,0.0,2,0,0,149772.61,1,0,0,1
15683618,774,35,3,121418.62,1,1,1,24400.37,1,0,0,1
15776051,551,45,6,0.0,2,1,1,51143.43,1,0,0,1
15809654,707,46,7,127476.73,2,1,1,146011.55,1,0,0,1
15629787,652,27,10,107303.72,2,0,0,44435.76,1,0,0,0
15581840,626,33,8,0.0,2,1,0,138504.28,1,0,0,0
15766575,612,62,8,140745.33,1,1,0,193437.89,0,1,0,1
15597901,609,34,1,0.0,1,1,1,181177.9,1,0,0,0
15787155,514,30,7,0.0,1,0,1,125010.24,0,0,1,0
15585041,511,33,7,0.0,2,0,1,158313.87,1,0,0,0
15728912,554,44,6,92436.86,1,1,0,126033.9,1,0,0,1
15620557,561,37,4,101470.29,1,0,1,88838.14,0,0,1,0
15615012,594,23,5,156267.59,1,1,0,160968.44,1,0,0,0
15614054,665,36,1,0.0,2,0,1,121505.61,1,0,0,0
15682600,620,39,9,159492.79,1,1,0,80582.34,0,1,0,0
15731511,808,45,7,118626.55,2,1,0,147132.46,1,0,0,0
15735221,697,42,10,0.0,2,1,0,61312.15,1,0,0,1
15794048,667,48,1,97133.92,2,0,0,113316.77,0,1,0,1
15671014,573,72,8,98765.84,1,1,1,96015.53,0,0,1,1
15604130,622,47,6,142319.03,1,0,0,100183.05,0,0,1,1
15760102,551,36,5,0.0,1,1,0,183479.12,1,0,0,1
15687171,638,34,5,146679.77,1,1,0,102179.86,0,0,1,0
15787699,650,34,4,142393.11,1,1,1,11276.48,0,1,0,0
15608688,442,34,4,0.0,2,1,0,68343.08,1,0,0,0
15635285,647,28,8,0.0,2,1,1,91055.27,1,0,0,0
15631693,697,36,7,0.0,2,1,1,74760.32,1,0,0,0
15677307,684,40,6,137326.65,1,1,0,186976.6,0,1,0,1
15740404,758,34,3,0.0,2,1,1,124226.16,1,0,0,1
15679928,592,31,2,84102.11,2,0,1,116385.24,1,0,0,1
15696588,679,36,3,0.0,2,1,1,2243.41,1,0,0,1
15803337,648,23,9,168372.52,1,1,0,134676.72,1,0,0,0
15594404,834,49,8,160602.25,2,1,0,129273.94,1,0,0,1
15640855,729,40,5,113574.61,2,1,0,103396.08,0,1,0,0
15814519,648,37,7,0.0,2,1,0,194238.92,1,0,0,1
15777452,587,46,6,88820.29,1,0,0,70224.34,1,0,0,1
15654025,646,51,4,101629.3,1,0,0,130541.1,1,0,0,1
15790267,625,40,7,141267.67,1,0,1,177397.49,1,0,0,1
15701412,739,40,4,0.0,2,0,0,173321.65,1,0,0,0
15743828,691,41,2,0.0,1,1,1,56850.92,1,0,0,0
15664895,602,25,0,0.0,2,1,1,101274.17,1,0,0,1
15681081,545,47,5,0.0,2,1,1,38970.14,0,0,1,1
15727556,744,26,5,166297.89,1,1,1,181694.44,0,0,1,1
15611544,701,36,7,95448.32,2,1,0,189085.07,0,1,0,0
15804721,602,49,0,191808.73,1,0,0,97640.2,1,0,0,0
15632576,520,31,4,93249.4,1,1,0,77335.75,1,0,0,0
15688059,807,42,9,105356.09,2,1,1,130489.37,0,1,0,1
15756196,682,50,6,121818.84,2,0,1,124151.37,1,0,0,0
15813132,696,30,4,114027.7,1,1,1,193716.56,0,1,0,0
15789941,633,36,6,125130.28,1,0,0,125961.48,1,0,0,1
15693996,507,33,1,113452.66,1,0,0,142911.99,1,0,0,1
15576723,740,37,7,0.0,2,1,1,194270.91,1,0,0,1
15715199,568,27,5,126815.97,2,0,1,118648.12,0,0,1,0
15600086,717,48,7,123764.95,1,1,1,169952.82,1,0,0,0
15651883,794,55,6,115796.7,1,1,0,160526.36,0,1,0,1
15775306,421,28,8,122384.22,3,1,1,89017.38,0,1,0,0
15573077,620,25,8,141825.88,1,1,1,73857.94,0,1,0,1
15591766,607,25,4,121166.89,1,0,1,115288.24,0,0,1,1
15766686,659,39,1,104502.11,1,1,0,20652.69,0,1,0,1
15769216,601,43,2,0.0,1,1,0,49713.87,1,0,0,1
15663888,549,34,6,204017.4,2,1,0,109538.35,0,1,0,0
15744606,832,29,8,93833.86,1,0,1,10417.87,0,0,1,0
15582841,600,29,8,0.0,2,0,1,34747.43,1,0,0,0
15703728,700,47,4,0.0,1,1,0,121798.52,0,0,1,0
15695792,673,65,0,0.0,1,1,1,85733.33,1,0,0,0
15738588,660,37,2,133200.09,1,0,0,71433.88,0,1,0,1
15588614,753,57,7,0.0,1,1,0,159475.08,1,0,0,0
15711750,711,34,6,0.0,2,1,1,175310.38,1,0,0,1
15602851,629,40,9,0.0,1,1,0,106.67,1,0,0,0
15667932,758,43,10,0.0,2,1,1,55313.44,0,0,1,1
15606861,636,34,8,0.0,2,1,0,38570.13,1,0,0,0
15752081,468,56,10,0.0,3,0,1,62256.87,1,0,0,1
15810347,662,30,9,0.0,2,0,1,157884.83,0,0,1,1
15710012,738,44,2,0.0,2,1,0,43018.82,0,0,1,0
15626147,608,62,8,144976.5,1,0,0,175836.03,1,0,0,1
15610105,666,21,1,121827.43,2,1,1,99818.31,0,1,0,1
15794276,588,64,3,0.0,1,1,1,189703.65,1,0,0,1
15784180,564,36,7,206329.65,1,1,1,46632.87,1,0,0,1
15717984,477,47,9,144900.58,1,1,0,61315.37,1,0,0,0
15710034,637,43,1,135645.29,2,0,1,101382.86,0,1,0,0
15649086,596,42,7,0.0,2,1,1,121568.37,1,0,0,0
15637829,691,34,7,0.0,2,0,1,161559.12,1,0,0,1
15783883,753,38,1,117314.92,1,1,0,122021.33,0,1,0,1
15632345,754,35,4,0.0,2,1,0,44830.71,1,0,0,1
15657386,712,43,1,141749.74,2,0,1,90905.26,0,1,0,0
15662021,685,42,2,0.0,2,0,0,199992.48,0,0,1,1
15700937,767,24,5,0.0,2,1,1,67445.85,0,0,1,1
15631912,840,30,8,136291.71,1,1,0,54113.38,1,0,0,0
15729040,440,42,2,0.0,2,1,0,49826.68,1,0,0,0
15703177,654,35,2,90865.8,1,1,1,86764.46,1,0,0,1
15814998,688,42,5,0.0,2,0,0,197602.29,0,0,1,0
15646262,622,31,7,0.0,1,1,0,35408.77,1,0,0,0
15618926,520,43,7,0.0,2,1,1,36202.74,0,0,1,0
15616931,653,41,8,102768.42,1,1,0,55663.85,1,0,0,0
15739803,686,34,9,0.0,2,1,0,127569.8,0,0,1,0
15762392,683,30,1,113257.2,1,1,1,65035.02,0,0,1,0
15612108,625,52,5,164978.01,1,1,1,67788.49,1,0,0,0
15677906,637,54,5,0.0,1,0,1,150836.98,0,0,1,1
15635939,458,39,9,0.0,2,1,0,116343.09,1,0,0,1
15771977,730,39,1,99010.67,1,1,0,194945.8,1,0,0,1
15760450,512,43,1,0.0,2,1,1,52471.36,1,0,0,0
15700263,569,66,2,0.0,1,1,0,130784.2,1,0,0,0
15769051,503,25,7,0.0,1,0,1,192841.13,0,0,1,0
15679668,850,38,7,115378.94,1,0,1,162087.82,0,0,1,0
15768233,435,37,8,114346.3,1,0,1,980.93,0,1,0,0
15684696,560,26,3,116576.45,1,1,0,157567.37,0,0,1,1
15785485,595,41,2,138878.81,1,0,1,112269.67,0,1,0,1
